Exercise Name,Video URL
DB Pullover,
Lat Pulldown,
Cable Row,
Barbell Row,
Dumbbell Row,
Chest-Supported Row,
T-Bar Row,
Pull-Up,
Chin-Up,
Straight-Arm Pulldown,
Seated Cable Row Wide Grip,
Single-Arm Cable Row,
Rack Pull,
Drag Curl,
Cross-Body Hammer Curl,
Abductor Machine,
Step Up,
Seated Calf Raise,
Standing Calf Raise,
Leg Press Calf Raise,
Donkey Calf Raise,
Single-Leg Calf Raise,
Cable Crunch,
Hanging Leg Raise,
Ab Wheel Rollout,
Decline Crunch,
Plank,
Russian Twist,
Reverse Crunch,
Reverse Wrist Curl,
Farmer Carry,
Svend Press,
Meadows Row,
Seal Row,
Cable Pullover,
Landmine Press,
Reverse Curl,
Tate Press,
Tricep Kickback,
Lateral Band Walk,
Tibialis Raise,
Dragon Flag,
Pallof Press,
Weighted Sit-Up,
Plate Pinch,
Dead Hang,
Cable Rotation,
Reverse Grip Pulldown,
V Bar Pulldown,
Reverse Grip Pushdown,
Treadmill Run,
Outdoor Run,
Cycling,
Outdoor Cycling,
Rowing Machine,
Swimming,
Stairmaster,
Elliptical,
Jump Rope,
Walking (Incline),
Assault Bike,
HIIT Sprints,
Treadmill Intervals,
Rowing Intervals,
Bike Intervals,
