#,Exercise Name,Video URL
1,Incline Barbell Press,https://youtu.be/lJ2o89kcnxY
2,Incline Dumbbell Press,https://youtu.be/5CECBjd7HLQ
3,Flat Barbell Press,https://youtu.be/gMgvBspQ9lk
4,Flat Dumbbell Press,https://youtu.be/YQ2s_Y7g5Qk
5,Cable Fly,https://youtu.be/4mfLHnFL0Uw
6,Pec Deck Machine,https://youtu.be/O-OBCfyh9Fw
7,Dips,https://youtu.be/4LA1kF7yCGo
8,Push Up,https://youtu.be/mm6_WcoCVTA
9,Incline Cable Fly,https://youtu.be/4mfLHnFL0Uw
10,Low-to-High Cable Fly,https://youtu.be/e_8HLu59-to
11,Decline Press,https://youtu.be/gMgvBspQ9lk
12,DB Pullover,
13,Lat Pulldown,
14,Cable Row,
15,Barbell Row,
16,Dumbbell Row,
17,Chest-Supported Row,
18,T-Bar Row,
19,Pull-Up,
20,Chin-Up,
21,Straight-Arm Pulldown,
22,Seated Cable Row Wide Grip,
23,Single-Arm Cable Row,
24,Deadlift,https://youtu.be/AweC3UaM14o
25,Romanian Deadlift,https://youtu.be/CN_7cz3P-1U
26,Rack Pull,
27,Dumbbell Lateral Raise,https://youtu.be/OuG1smZTsQQ
28,Cable Lateral Raise,https://youtu.be/2OMbdPF7mz4
29,Machine Lateral Raise,https://youtu.be/0o07iGKUarI
30,Overhead Press Barbell,https://youtu.be/G2qpTG1Eh40
31,Overhead Press Dumbbell,https://youtu.be/Raemd3qWgJc
32,Arnold Press,https://youtu.be/HzIiNhHhhtA
33,Rear Delt Fly Machine,https://youtu.be/5YK4bgzXDp0
34,Cable Face Pull,https://youtu.be/-MODnZdnmAQ
35,Reverse Pec Deck,https://youtu.be/5YK4bgzXDp0
36,Upright Row,https://youtu.be/um3VVzqunPU
37,Front Raise,https://youtu.be/hRJ6tR5-if0
38,Incline Dumbbell Curl,https://youtu.be/aTYlqC_JacQ
39,Cable Curl,https://youtu.be/opFVuRi_3b8
40,EZ Bar Curl,https://youtu.be/EK747VC37yE
41,Barbell Curl,https://youtu.be/JnLFSFurrqQ
42,Hammer Curl,https://youtu.be/XOEL4MgekYE
43,Preacher Curl Machine,https://youtu.be/Ja6ZlIDONac
44,Spider Curl,https://youtu.be/ke2shAeQ0O8
45,Concentration Curl,https://youtu.be/aTYlqC_JacQ
46,Drag Curl,
47,Cross-Body Hammer Curl,
48,Cable Overhead Tricep Extension,https://youtu.be/1u18yJELsh0
49,Overhead DB Extension,https://youtu.be/IdZ7HXnatko
50,Cable Pushdown,https://youtu.be/6Fzep104f0s
51,EZ Bar Skull Crusher,https://youtu.be/l3rHYPtMUo8
52,Close-Grip Bench Press,https://youtu.be/FiQUzPtS90E
53,Dips Tricep Focus,https://youtu.be/4LA1kF7yCGo
54,Machine Tricep Extension,https://youtu.be/Bx8ga1BLHLE
55,Single-Arm Cable Pushdown,https://youtu.be/Cp_bShvMY4c
56,Leg Press,https://youtu.be/yZmx_Ac3880
57,Hack Squat Machine,https://youtu.be/rYgNArpwE7E
58,Bulgarian Split Squat,https://youtu.be/VfsPxffCAd0
59,Leg Extension,https://youtu.be/m0FOpMEgero
60,Barbell Back Squat,https://youtu.be/i7J5h7BJ07g
61,Front Squat,https://youtu.be/HHxNbhP16UE
62,Walking Lunge,https://youtu.be/_meXEWq5MOQ
63,Sissy Squat,https://youtu.be/1IIPcUCKxcE
64,Smith Machine Squat,https://youtu.be/-eO_VydErV0
65,Goblet Squat,https://youtu.be/4eDJa5MnAmY
66,Lying Leg Curl,https://youtu.be/n5WDXD_mpVY
67,Seated Leg Curl,https://youtu.be/Orxowest56U
68,Nordic Hamstring Curl,https://youtu.be/SBGYSfoqyfU
69,Stiff-Leg Deadlift,https://youtu.be/CN_7cz3P-1U
70,Good Morning,https://youtu.be/dEJ0FTm-CEk
71,Single-Leg Romanian Deadlift,https://youtu.be/cYKYGwcg0U8
72,Cable Pull-Through,https://youtu.be/pv8e6OSyETE
73,Hip Thrust,https://youtu.be/EF7jXP17DPE
74,Glute Bridge,https://youtu.be/EF7jXP17DPE
75,Cable Kickback,https://youtu.be/NLDBFtSNhqg
76,Bulgarian Split Squat Glute Focus,https://youtu.be/pjAewD4LxXs
77,Romanian Deadlift Glute Focus,https://youtu.be/CN_7cz3P-1U
78,Abductor Machine,
79,Step Up,
80,Sumo Squat,https://youtu.be/4eDJa5MnAmY
81,Seated Calf Raise,
82,Standing Calf Raise,
83,Leg Press Calf Raise,
84,Donkey Calf Raise,
85,Single-Leg Calf Raise,
86,Cable Crunch,
87,Hanging Leg Raise,
88,Ab Wheel Rollout,
89,Decline Crunch,
90,Plank,
91,Russian Twist,
92,Reverse Crunch,
93,Wrist Curl,https://youtu.be/WVAaKJvToe0
94,Reverse Wrist Curl,
95,Hammer Curl Forearm Focus,https://youtu.be/XOEL4MgekYE
96,Farmer Carry,
97,Machine Chest Press,https://youtu.be/NwzUje3z0qY
98,Smith Machine Incline Press,https://youtu.be/8urE8Z8AMQ4
99,Svend Press,
100,Meadows Row,
101,Seal Row,
102,Cable Pullover,
103,Landmine Press,
104,Plate Front Raise,https://youtu.be/_ikCPws1mbE
105,Cable Rear Delt Pull,https://youtu.be/qz1OLup4W_M
106,Cable Hammer Curl,https://youtu.be/XOEL4MgekYE
107,Reverse Curl,
108,Tate Press,
109,Tricep Kickback,
110,Reverse Lunge,https://youtu.be/TQfhY5oJ_Sc
111,Heel-Elevated Goblet Squat,https://youtu.be/4eDJa5MnAmY
112,Glute-Ham Raise,https://youtu.be/SBGYSfoqyfU
113,Dumbbell Romanian Deadlift,https://youtu.be/cYKYGwcg0U8
114,Banded Hip Thrust,https://youtu.be/EF7jXP17DPE
115,Lateral Band Walk,
116,Tibialis Raise,
117,Dragon Flag,
118,Pallof Press,
119,Weighted Sit-Up,
120,Plate Pinch,
121,Dead Hang,
122,Bent Over Lateral Raise,https://youtu.be/34gVHrkaiz0
123,Incline DB Front Raise,https://youtu.be/z3PRz2aVA10
124,Machine Shoulder Press,https://youtu.be/WvLMauqrnK8
125,Cable Rotation,
126,Reverse Grip Pulldown,
127,V Bar Pulldown,
128,Reverse Grip Pushdown,
129,Treadmill Run,
130,Outdoor Run,
131,Cycling,
132,Outdoor Cycling,
133,Rowing Machine,
134,Swimming,
135,Stairmaster,
136,Elliptical,
137,Jump Rope,
138,Walking (Incline),
139,Assault Bike,
140,HIIT Sprints,
141,Treadmill Intervals,
142,Rowing Intervals,
143,Bike Intervals,
